{
  "shoulder_pan.pos": 23.516483516483518,
  "shoulder_lift.pos": -88.61538461538461,
  "elbow_flex.pos": 25.89010989010989,
  "wrist_flex.pos": 156.3956043956044,
  "wrist_roll.pos": 137.0989010989011,
  "gripper.pos": 0.0
}
