{
  "shoulder_pan.pos": -3.3846153846153846,
  "shoulder_lift.pos": -104.61538461538461,
  "elbow_flex.pos": 96.43956043956044,
  "wrist_flex.pos": 77.4065934065934,
  "wrist_roll.pos": -89.45054945054945,
  "gripper.pos": 2.564102564102564
}
